{
  "project_info": {
    "project_number": "678544844119",
    "project_id": "bookstoreappdb",
    "storage_bucket": "bookstoreappdb.appspot.com"
  },
  "client": [
    {
      "client_info": {
        "mobilesdk_app_id": "1:678544844119:android:cc4caa1e95bf8cc5388a12",
        "android_client_info": {
          "package_name": "com.example.bookstoreapp"
        }
      },
      "oauth_client": [
        {
          "client_id": "678544844119-ui0j2mekk9udoodcknud1m6hp77kdl8r.apps.googleusercontent.com",
          "client_type": 3
        }
      ],
      "api_key": [
        {
          "current_key": "AIzaSyAFml0q1Q53Iw2u4P-eFLWrPHiaprirmHg"
        }
      ],
      "services": {
        "appinvite_service": {
          "other_platform_oauth_client": [
            {
              "client_id": "678544844119-ui0j2mekk9udoodcknud1m6hp77kdl8r.apps.googleusercontent.com",
              "client_type": 3
            }
          ]
        }
      }
    }
  ],
  "configuration_version": "1"
}